feature,spearman_rho,spearman_p,mannwhitney_u,mannwhitney_p,cliffs_delta,success_median,failure_median
correction_cycles,-0.22087988599492778,1.0496767541651293e-71,4654751.0,5.288018831823497e-70,-0.08529819694868235,0.0,0.0
total_example_count,0.1780696787199707,7.726733543873883e-47,5903951.0,3.945436415983845e-46,0.1601812051442988,0.0,0.0
first_prompt_tokens,0.11975540382188314,6.3978778904994025e-22,5796053.0,8.859617302071394e-22,0.138978246028842,59.0,36.0
first_constraint_count,0.08773046806867336,1.9534793788563664e-12,5525825.0,2.1405687834790477e-12,0.08587593425428075,0.0,0.0
prompt_token_growth,-0.07974883694136023,1.6020542600147597e-10,4637437.0,1.7041655698559229e-10,-0.08870055875450844,0.0,0.0
refinement_turns,0.0670340077718958,7.736771864095563e-08,5366433.0,7.973107741005244e-08,0.054553925882198984,0.0,0.0
iteration_count,0.039894027688126624,0.0013963174380593492,5314797.0,0.0014007047168227184,0.044406972306732184,2.0,2.0
first_specification_clarity_count,0.021580646442807338,0.08397592649888196,5142592.0,0.0839786442281444,0.010567090432395121,0.0,0.0
